Source,Target
http://karlanakulseth.com/blog/?p=935,http://twitip.com/make-a-tweet-plan-to-get-the-most-from-twitter
http://karlanakulseth.com/blog/?p=935,http://bravenewcode.com/wordtwit
http://karlanakulseth.com/blog/?p=935,http://twuffer.com
http://karlanakulseth.com/blog/?p=935,http://tweetlater.com
http://karlanakulseth.com/blog/?p=935,http://tweetlater.com
http://karlanakulseth.com/blog/?p=935,http://twuffer.com
http://karlanakulseth.com/blog/?p=935,http://budurl.com
http://karlanakulseth.com/blog/?p=935,http://twitter.com/hawaiianbrat96/statuses/1165013170
http://karlanakulseth.com/blog/?p=935,http://twitter.com/hawaiianbrat96/statuses/1164948210
http://soolasestmagusani.blogspot.com/2009/01/munarull-suitsulohega.html,http://1.bp.blogspot.com/_ow9qo4d6stq/syssvsgtxoi/aaaaaaaaais/f2akvpyyiuy/s1600-h/jaanuar+2009+531.jpg
http://bbs.21our.com/viewthread.php?tid=1570140,http://bbs.21our.com/tag.php?name=%be%ad%bc%c3
http://bbs.21our.com/viewthread.php?tid=1570144,http://bbs.21our.com/tag.php?name=%cd%b6%d7%ca
http://bbs.21our.com/viewthread.php?tid=1570147,http://bbs.21our.com/tag.php?name=%b8%db%b9%c9
http://bbs.21our.com/viewthread.php?tid=1570138,http://bbs.21our.com/tag.php?name=%b9%c9%c6%b1
http://boston.com/news/local/rhode_island/articles/2009/01/31/mass_daily?rss_id=boston.com+--+latest+news,http://boards.boston.com/javascript:openwindow(
http://boston.com/news/local/rhode_island/articles/2009/01/31/mass_daily?rss_id=boston.com+--+latest+news,http://boston.com/news/local/rhode_island/articles/2009/01/31/mass_daily?mode=pf
http://boston.com/news/local/rhode_island/articles/2009/01/31/mass_daily?rss_id=boston.com+--+latest+news,http://boards.boston.com/#
http://boston.com/news/local/rhode_island/articles/2009/01/31/mass_daily?rss_id=boston.com+--+latest+news,http://boston.com/news/local/rhode_island/?camp=related-articles:on:link:article-page:more
http://boston.com/news/local/vermont/articles/2009/01/31/megabucks?rss_id=boston.com+--+latest+news,http://boston.com/news/javascript:openwindow(
http://boston.com/news/local/vermont/articles/2009/01/31/megabucks?rss_id=boston.com+--+latest+news,http://boston.com/news/local/vermont/articles/2009/01/31/megabucks?mode=pf
http://boston.com/news/local/vermont/articles/2009/01/31/megabucks?rss_id=boston.com+--+latest+news,http://boston.com/news/#
http://boston.com/news/local/vermont/articles/2009/01/31/megabucks?rss_id=boston.com+--+latest+news,http://boston.com/news/local/vermont/?camp=related-articles:on:link:article-page:more
http://boston.com/news/nation/articles/2009/01/31/army_beats_bucknell_76_65?rss_id=boston.com+--+latest+news,http://boards.boston.com/javascript:openwindow(
http://boston.com/news/nation/articles/2009/01/31/army_beats_bucknell_76_65?rss_id=boston.com+--+latest+news,http://boston.com/news/nation/articles/2009/01/31/army_beats_bucknell_76_65?mode=pf
http://boston.com/news/nation/articles/2009/01/31/army_beats_bucknell_76_65?rss_id=boston.com+--+latest+news,http://boards.boston.com/#
http://boston.com/news/nation/articles/2009/01/31/army_beats_bucknell_76_65?rss_id=boston.com+--+latest+news,http://boston.com/news/nation/?camp=related-articles:on:link:article-page:more
http://boston.com/news/local/new_hampshire/articles/2009/01/31/megabucks?rss_id=boston.com+--+latest+news,http://boards.boston.com/javascript:openwindow(
http://boston.com/news/local/new_hampshire/articles/2009/01/31/megabucks?rss_id=boston.com+--+latest+news,http://boston.com/news/local/new_hampshire/articles/2009/01/31/megabucks?mode=pf
http://boston.com/news/local/new_hampshire/articles/2009/01/31/megabucks?rss_id=boston.com+--+latest+news,http://boards.boston.com/#
http://boston.com/news/local/new_hampshire/articles/2009/01/31/megabucks?rss_id=boston.com+--+latest+news,http://boston.com/news/local/new_hampshire/?camp=related-articles:on:link:article-page:more
http://boston.com/news/world/asia/articles/2009/01/31/d962frto1?rss_id=boston.com+--+latest+news,http://boards.boston.com/javascript:openwindow(
http://boston.com/news/world/asia/articles/2009/01/31/d962frto1?rss_id=boston.com+--+latest+news,http://boston.com/news/world/asia/articles/2009/01/31/d962frto1?mode=pf
http://boston.com/news/world/asia/articles/2009/01/31/d962frto1?rss_id=boston.com+--+latest+news,http://boards.boston.com/#
http://boston.com/news/world/asia/articles/2009/01/31/d962frto1?rss_id=boston.com+--+latest+news,http://boston.com/news/world/asia/?camp=related-articles:on:link:article-page:more
http://boston.com/news/world/asia/articles/2009/01/31/15_dead_17_injured_in_bar_fire_in_southern_china?rss_id=boston.com+--+latest+news,http://boards.boston.com/javascript:openwindow(
http://boston.com/news/world/asia/articles/2009/01/31/15_dead_17_injured_in_bar_fire_in_southern_china?rss_id=boston.com+--+latest+news,http://boston.com/news/world/asia/articles/2009/01/31/15_dead_17_injured_in_bar_fire_in_southern_china?mode=pf
http://boston.com/news/world/asia/articles/2009/01/31/15_dead_17_injured_in_bar_fire_in_southern_china?rss_id=boston.com+--+latest+news,http://boards.boston.com/#
http://boston.com/news/world/asia/articles/2009/01/31/15_dead_17_injured_in_bar_fire_in_southern_china?rss_id=boston.com+--+latest+news,http://boston.com/news/world/asia/?camp=related-articles:on:link:article-page:more
http://boston.com/news/nation/articles/2009/01/31/us_military_deaths_in_iraq_war_at_4236?rss_id=boston.com+--+latest+news,http://boston.com/news/javascript:openwindow(
http://boston.com/news/nation/articles/2009/01/31/us_military_deaths_in_iraq_war_at_4236?rss_id=boston.com+--+latest+news,http://boston.com/news/nation/articles/2009/01/31/us_military_deaths_in_iraq_war_at_4236?mode=pf
http://boston.com/news/nation/articles/2009/01/31/us_military_deaths_in_iraq_war_at_4236?rss_id=boston.com+--+latest+news,http://boston.com/news/#
http://boston.com/news/nation/articles/2009/01/31/us_military_deaths_in_iraq_war_at_4236?rss_id=boston.com+--+latest+news,http://defenselink.mil/news
http://boston.com/news/nation/articles/2009/01/31/us_military_deaths_in_iraq_war_at_4236?rss_id=boston.com+--+latest+news,http://boston.com/news/nation/?camp=related-articles:on:link:article-page:mor

