Index,P
0,http://networking-forum.com/viewtopic.php?p=55777#55777
1,http://karlanakulseth.com/blog/?p=935
2,http://soolasestmagusani.blogspot.com/2009/01/munarull-suitsulohega.html
3,http://bbs.21our.com/viewthread.php?tid=1570140
4,http://bbs.21our.com/viewthread.php?tid=1570144
5,http://bbs.21our.com/viewthread.php?tid=1570147
6,http://bbs.21our.com/viewthread.php?tid=1570138
7,http://boston.com/news/local/rhode_island/articles/2009/01/31/mass_daily?rss_id=boston.com+--+latest+news
8,http://boston.com/news/local/vermont/articles/2009/01/31/megabucks?rss_id=boston.com+--+latest+news
9,http://boston.com/news/nation/articles/2009/01/31/army_beats_bucknell_76_65?rss_id=boston.com+--+latest+news
10,http://boston.com/news/local/new_hampshire/articles/2009/01/31/megabucks?rss_id=boston.com+--+latest+news
11,http://boston.com/news/world/asia/articles/2009/01/31/d962frto1?rss_id=boston.com+--+latest+news
12,http://boston.com/news/world/asia/articles/2009/01/31/15_dead_17_injured_in_bar_fire_in_southern_china?rss_id=boston.com+--+latest+news
13,http://boston.com/news/nation/articles/2009/01/31/us_military_deaths_in_iraq_war_at_4236?rss_id=boston.com+--+latest+news
14,http://twitip.com/make-a-tweet-plan-to-get-the-most-from-twitter
15,http://bravenewcode.com/wordtwit
16,http://twuffer.com
17,http://tweetlater.com
18,http://tweetlater.com
19,http://twuffer.com
20,http://budurl.com
21,http://twitter.com/hawaiianbrat96/statuses/1165013170
22,http://twitter.com/hawaiianbrat96/statuses/1164948210
23,http://1.bp.blogspot.com/_ow9qo4d6stq/syssvsgtxoi/aaaaaaaaais/f2akvpyyiuy/s1600-h/jaanuar+2009+531.jpg
24,http://bbs.21our.com/tag.php?name=%be%ad%bc%c3
25,http://bbs.21our.com/tag.php?name=%cd%b6%d7%ca
26,http://bbs.21our.com/tag.php?name=%b8%db%b9%c9
27,http://bbs.21our.com/tag.php?name=%b9%c9%c6%b1
28,http://boards.boston.com/javascript:openwindow(
29,http://boston.com/news/local/rhode_island/articles/2009/01/31/mass_daily?mode=pf
30,http://boards.boston.com/#
31,http://boston.com/news/local/rhode_island/?camp=related-articles:on:link:article-page:more
32,http://boston.com/news/javascript:openwindow(
33,http://boston.com/news/local/vermont/articles/2009/01/31/megabucks?mode=pf
34,http://boston.com/news/#
35,http://boston.com/news/local/vermont/?camp=related-articles:on:link:article-page:more
36,http://boards.boston.com/javascript:openwindow(
37,http://boston.com/news/nation/articles/2009/01/31/army_beats_bucknell_76_65?mode=pf
38,http://boards.boston.com/#
39,http://boston.com/news/nation/?camp=related-articles:on:link:article-page:more
40,http://boards.boston.com/javascript:openwindow(
41,http://boston.com/news/local/new_hampshire/articles/2009/01/31/megabucks?mode=pf
42,http://boards.boston.com/#
43,http://boston.com/news/local/new_hampshire/?camp=related-articles:on:link:article-page:more
44,http://boards.boston.com/javascript:openwindow(
45,http://boston.com/news/world/asia/articles/2009/01/31/d962frto1?mode=pf
46,http://boards.boston.com/#
47,http://boston.com/news/world/asia/?camp=related-articles:on:link:article-page:more
48,http://boards.boston.com/javascript:openwindow(
49,http://boston.com/news/world/asia/articles/2009/01/31/15_dead_17_injured_in_bar_fire_in_southern_china?mode=pf
50,http://boards.boston.com/#
51,http://boston.com/news/world/asia/?camp=related-articles:on:link:article-page:more
52,http://boston.com/news/javascript:openwindow(
53,http://boston.com/news/nation/articles/2009/01/31/us_military_deaths_in_iraq_war_at_4236?mode=pf
54,http://boston.com/news/#
55,http://defenselink.mil/news
56,http://boston.com/news/nation/?camp=related-articles:on:link:article-page:mor

